{
  "project_info": {
    "project_number": "687444755396",
    "firebase_url": "https://umprojetoae.firebaseio.com",
    "project_id": "umprojetoae",
    "storage_bucket": "umprojetoae.appspot.com"
  },
  "client": [
    {
      "client_info": {
        "mobilesdk_app_id": "1:687444755396:android:a2e4217e145f4758",
        "android_client_info": {
          "package_name": "com.example.umprojetoae"
        }
      },
      "oauth_client": [
        {
          "client_id": "687444755396-5onclbuospqe9mau7r7qohq9b72qj65v.apps.googleusercontent.com",
          "client_type": 3
        }
      ],
      "api_key": [
        {
          "current_key": "AIzaSyDTmxI3uv57wbx72pcP8VFwNtHl6Vsfd1U"
        }
      ],
      "services": {
        "appinvite_service": {
          "other_platform_oauth_client": [
            {
              "client_id": "687444755396-5onclbuospqe9mau7r7qohq9b72qj65v.apps.googleusercontent.com",
              "client_type": 3
            }
          ]
        }
      }
    }
  ],
  "configuration_version": "1"
}